name,cnic,phone,license_number,city,address,years_of_experience,speciality,office_location,educational_background,practice_type,online_consultancy,media_presence,awards,indtroduction
Aneeb Jakhrani,65038-4916625-0,+923041362537,GGI-3872-2014,Bela,"House No. 137, Street No. 16, Islamabad, Islamabad Capital Territory, 97014",6,['Appeal & References' 'Tribunal Cases'],Garden Town,LLB,Independent Practice,1,0,['Hilal-i-Imtiaz (Crescent of Excellence)'],"As a practicing lawyer with over 6 years of experience, I specialize in Appeal & References and Tribunal Cases, offering dedicated legal services to clients in Garden Town and beyond. I hold an LLB degree and am licensed under GGI-3872-2014, with a proven track record of handling complex legal matters independently. Recognized for my commitment to justice, I am honored to have received the prestigious Hilal-i-Imtiaz (Crescent of Excellence), and I am committed to providing reliable and professional legal counsel tailored to your needs."
Obaidah Talib,86196-5378759-8,+923096618649,NTR-61594-2022,Mirpur Khas,"House No. 274, Street No. 23, Dera Ghazi Khan, Punjab, 40699",13,"['Family & Minor Matters' 'Special Courts' 'Civil Law'
 'Appeal & References']",Gulberg,LLM,Law Firm,1,0,"['The Lawyers Global - Country Winner (Pakistan)'
 'Punjab Bar Council Excellence Award'
 'Sitara-i-Imtiaz (Star of Excellence)']","With over 13 years of experience in the legal field, I specialize in family and minor matters, civil litigation, and cases before special courts, offering comprehensive legal solutions tailored to my clients' needs. I hold an LLM degree and am licensed under NTR-61594-2022, with a proven track record of success, including being recognized as a Country Winner by The Lawyers Global in Pakistan. Based in Gulberg, I am committed to providing professional, reliable, and client-focused legal services, both in-person and through online consultations."
Arsal Ijaz,34179-6923014-2,+923168748512,QQL-20845-2010,Skardu,"House No. 427, Street No. 16, Islamabad, Islamabad Capital Territory, 80911",1,['Appeal & References' 'Commercial & Banking'],DHA,LLM,Independent Practice,1,1,['Legal 500 Ranking (Leading Individual)'],"As a dedicated legal professional with over a year of experience, I specialize in Appeal & References, Commercial & Banking law, offering tailored solutions to meet my clients' needs. Holding an LLM degree and practicing independently from my office in DHA, I am committed to delivering excellence, as recognized by my inclusion in the Legal 500 Ranking (Leading Individual). I am available for both in-person and online consultations, ensuring accessibility and convenience for my clients."
Ifra Gabol,29357-3112794-1,+923011666783,BYF-92554-2013,Khuzdar,"House No. 676, Street No. 1, Khairpur, Sindh, 98984",10,['Family & Minor Matters' 'Special Courts' 'Consitituional & Writ Cases'],Model Town,LLM,Law Firm,1,1,"['Legal 500 Ranking (Leading Individual)'
 'IBA Outstanding Young Lawyer Award']","With over a decade of experience in family and minor matters, special courts, and constitutional cases, I, Ifra Gabol, am a dedicated legal professional committed to delivering effective and ethical legal solutions. Holding an LLM and licensed under BYF-92554-2013, I have been recognized by Legal 500 as a Leading Individual and honored with the IBA Outstanding Achievement Award. Based in Khuzdar, I provide expert legal counsel tailored to the unique needs of my clients, ensuring justice and peace of mind."
Zimal Burhan,14976-5445293-2,+923189127567,RLA-29302-2021,Larkana,"House No. 106, Street No. 14, Khuzdar, Balochistan, 38903",0,['Special Courts' 'Tribunal Cases'],Faisal Town,LLB,Independent Practice,1,0,"['LexisNexis Middle East & Pakistan Legal Awards'
 'Punjab Bar Council Excellence Award'
 'IBA Outstanding Young Lawyer Award']","My name is Zimal Burhan, a licensed legal professional with a specialization in Special Courts and Tribunal Cases, dedicated to providing expert legal counsel and representation. I hold an LLB degree and am currently practicing independently in Faisal Town, Larkana, with a commitment to delivering precise and client-focused solutions. Having been recognized with the LexisNexis Middle East & Pakistan Legal Award, I strive to uphold the highest standards of professionalism and integrity in every case I handle."
Umme Salma Murtaza,83473-3622814-2,+923102912215,CWZ-88610-2017,Abbottabad,"House No. 580, Street No. 19, Sargodha, Punjab, 65754",3,['Criminal Law' 'Tribunal Cases'],Bahria Town,LLB,Law Firm,0,1,['Women in Law Awards (Advocate of the Year)'],"As a dedicated legal professional with three years of experience in criminal law and tribunal cases, I, Umme Salma Murtaza, am committed to providing comprehensive and effective legal solutions to my clients. Holding an LLB degree and licensed under CWZ-88610-2017, I specialize in handling complex criminal cases and tribunal matters with precision and diligence. Based in Abbottabad and practicing from Bahria Town, I have been honored with the Women in Law Awards (Advocate of the Year), reflecting my dedication to excellence in the legal field."
Elina Ismail,27293-2965833-4,+923015114008,TQU-64615-2015,Ghizer,"House No. 715, Street No. 26, Khairpur, Sindh, 26298",4,['Criminal Law' 'Appeal & References' 'Commercial & Banking'],Model Town,LLM,Law Firm,0,0,"['Women in Law Awards (Advocate of the Year)'
 'Roll of Honour (Punjab University Law College)']","I am Elina Ismail, a dedicated legal professional with four years of experience specializing in Criminal Law, Appeal & References, and Commercial Law. Holding an LLM degree and licensed under TQU-64615-2015, I have successfully handled complex cases and earned recognition, including the Women in Law Awards (Advocate of the Year) and the Rising Star Award from the Rawalpindi Bar Association. Based in Model Town, I am committed to providing strategic legal solutions tailored to my clients' needs."
Roha Farooq,19093-8791794-6,+923092074655,ZIC-93515-2020,Chaman,"House No. 398, Street No. 5, Sialkot, Punjab, 94180",10,['Special Courts' 'Civil Law' 'Tribunal Cases' 'Commercial & Banking'],Gulberg,LLM,Independent Practice,1,0,"['The Lawyers Global - Country Winner (Pakistan)'
 'Hilal-i-Imtiaz (Crescent of Excellence)']","With over a decade of experience in legal practice, I, Roha Farooq, specialize in Special Courts, Civil Law, and Tribunal Cases, offering expert representation and strategic counsel to clients in Chaman and beyond. Holding an LLM degree and practicing independently from my office in Gulberg, I have built a reputation for delivering meticulous and results-driven legal solutions. Recognized as a Country Winner by The Lawyers Global, I am committed to upholding the highest standards of professionalism and client satisfaction."
Rameel Alam,13629-8680587-3,+923026173711,HHX-86504-2013,Bahawalpur,"House No. 581, Street No. 29, Kohat, Khyber Pakhtunkhwa, 35897",0,['Special Courts' 'Civil Law' 'Criminal Law'],Johar Town,LLB,Independent Practice,1,1,"['The Lawyers Global - Country Winner (Pakistan)'
 'LexisNexis Middle East & Pakistan Legal Awards'
 'Hilal-i-Imtiaz (Crescent of Excellence)']","I am Rameel Alam, a dedicated legal professional based in Bahawalpur, offering expertise in Special Courts, Civil Law, and Criminal Law. With a strong educational foundation in LLB and a commitment to excellence, I have been recognized with prestigious accolades, including the Lawyers Global Country Winner for Pakistan. I provide independent legal practice with a focus on delivering personalized and effective solutions, and I am available for online consultations to serve clients beyond geographical boundaries."
Fakhra Bangash,50479-9578034-1,+923067842832,UGF-23377-2015,Kharmang,"House No. 875, Street No. 6, Hunza, Gilgit Baltistan, 99811",11,['Family & Minor Matters' 'Consitituional & Writ Cases'],Model Town,LLM,Law Firm,0,1,"['Chambers and Partners Ranking (Band 1/2)'
 'LexisNexis Middle East & Pakistan Legal Awards'
 'Punjab Bar Council Excellence Award']","As a dedicated legal professional with over 11 years of experience, I specialize in family and minor matters, constitutional and writ petitions, and civil and criminal litigation, providing comprehensive legal solutions tailored to my clients' needs. Holding an LLM degree and practicing from my firm in Model Town, I have been recognized by prestigious platforms such as Chambers and Partners (Band 1/2) and Lexology, reflecting my commitment to excellence in the legal field. I am here to offer trusted, results-driven legal counsel to individuals and families seeking justice and resolution."
Hammad Fahim,60795-3350086-2,+923031013699,ROM-79312-2024,Diamer,"House No. 8, Street No. 3, Multan, Punjab, 74112",5,['Civil Law' 'Criminal Law'],Wapda Town,LLB,Law Firm,0,0,"['Chambers and Partners Ranking (Band 1/2)'
 'Punjab Bar Council Excellence Award'
 'Tamgha-e-Imtiaz (Medal of Excellence)']","With over five years of experience in civil and criminal law, I, Hammad Fahim, am a dedicated legal professional based in Diamer, Punjab. Holding an LLB degree and recognized for excellence with a Chambers and Partners Ranking (Band 1/2), I am committed to providing comprehensive legal solutions tailored to my clients' needs, ensuring justice and peace of mind."
Haris Ghafoor,96314-8106715-5,+923165796603,QNC-68916-2020,Diamer,"House No. 579, Street No. 18, Shikarpur, Sindh, 78884",4,['Civil Law' 'Criminal Law' 'Commercial & Banking'],Garden Town,LLM,Law Firm,1,1,"['Sitara-i-Imtiaz (Star of Excellence)'
 'Senior Advocate Supreme Court (SASC) Title']","Assalam-o-Alaikum, I am Haris Ghafoor, a licensed advocate with four years of experience specializing in Civil Law, Criminal Law, and Commercial & Banking matters. Holding an LLM degree and practicing from Garden Town, I have had the honor of receiving prestigious recognitions such as the Sitara-i-Imtiaz and am committed to delivering professional, reliable legal services to my clients."
Fiza Mujeeb,60506-3158950-6,+923079425030,SJP-8073-2016,Islamabad,"House No. 228, Street No. 13, Gujranwala, Punjab, 64749",11,"['Special Courts' 'Civil Law' 'Consitituional & Writ Cases'
 'Commercial & Banking']",Faisal Town,LLB,Law Firm,1,0,"['The Lawyers Global - Country Winner (Pakistan)'
 'Punjab Bar Council Excellence Award']","With over 11 years of experience in the legal field, I, Fiza Mujeeb, specialize in Special Courts, Civil Law, Constitutional Law, and Women's Rights, offering comprehensive legal services to clients in Islamabad and beyond. Holding an LLB degree and licensed under SJP-8073-2016, I am committed to delivering expert legal solutions, whether in-person or through online consultations, and have been recognized as a Country Winner by The Lawyers Global for my dedication and excellence in the profession."
Fakhra Mubashir,74888-4892078-5,+923027229141,DRT-98698-2018,Peshawar,"House No. 615, Street No. 10, Abbottabad, Khyber Pakhtunkhwa, 11148",11,['Consitituional & Writ Cases' 'Appeal & References'],Garden Town,LLB,Law Firm,0,1,['IBA Outstanding Young Lawyer Award'],"As an experienced lawyer with over 11 years of practice in Peshawar, I specialize in Constitutional & Writ Cases, Appeals, and References, providing dedicated legal services to clients across various domains. Holding an LLB degree and having been honored with the IBA Outstanding Young Lawyer Award, I am committed to delivering professional and effective legal solutions tailored to meet the unique needs of each client."
Faiza Naseeruddin,89513-7916180-3,+923014061270,IWW-52294-2015,Shikarpur,"House No. 29, Street No. 26, Peshawar, Khyber Pakhtunkhwa, 44859",5,['Civil Law'],DHA,LLB,Law Firm,0,0,"['Punjab Bar Council Excellence Award'
 'Nishan-e-Imtiaz (Order of Excellence)']","As a dedicated legal professional with five years of experience specializing in Civil Law, I am committed to providing sound legal counsel and representation to my clients. I hold an LLB degree and have been honored with the Punjab Bar Council Excellence Award and Nishan-e-Imtiaz for my contributions to the legal field. Based in DHA, I practice at a reputable law firm, ensuring that my clients receive expert guidance and personalized solutions tailored to their legal needs."
Noshaba Sharifuddin,27394-9555062-0,+923113834689,NCV-53098-2022,Faisalabad,"House No. 932, Street No. 11, Makran, Balochistan, 94740",13,['Family & Minor Matters' 'Commercial & Banking'],Bahria Town,LLB,Law Firm,0,1,['The Lawyers Global - Country Winner (Pakistan)'],"My name is Noshaba Sharifuddin, and I am a dedicated legal professional with over 13 years of experience specializing in Family & Minor Matters and Commercial & Banking law. Based in Faisalabad and operating from Bahria Town, I hold an LLB degree and am licensed under NCV-53098-2022. I am proud to have been recognized as a Country Winner by The Lawyers Global, and I am committed to providing trusted, effective legal solutions to my clients."
Asad Ejaz,13307-9159468-4,+923116003009,SQB-35358-2019,Astore,"House No. 296, Street No. 3, Zhob, Balochistan, 10729",5,['Commercial & Banking' 'Misc Cases'],Model Town,LLM,Independent Practice,1,1,['Women in Law Awards (Advocate of the Year)'],"My name is Asad Ejaz, and I am a dedicated legal professional with five years of experience specializing in Commercial & Banking law and Miscellaneous Cases. Holding an LLM degree, I provide independent legal practice in Astore and Model Town, offering trusted counsel to clients with a proven track record of excellence, including recognition as Advocate of the Year at the Women in Law Awards."
Waleed Kazmi,16996-3910147-5,+923134233573,EII-98485-2019,Astore,"House No. 356, Street No. 23, Islamabad, Islamabad Capital Territory, 35921",2,['Family & Minor Matters' 'Special Courts' 'Misc Cases'],Garden Town,LLB,Law Firm,0,0,"['LexisNexis Middle East & Pakistan Legal Awards'
 'Punjab Bar Council Excellence Award'
 'Sitara-i-Imtiaz (Star of Excellence)']","My name is Waleed Kazmi, a licensed legal professional with over two years of experience practicing in Astore and Islamabad, specializing in family and minor matters, special courts, and miscellaneous legal issues. I hold an LLB degree and am associated with a reputable law firm, committed to providing diligent and ethical legal services to my clients. Recognized with the LexisNexis Middle East & Pakistan Legal Award, I strive to uphold the highest standards of legal practice while ensuring accessible and effective solutions for those I represent."
Abdul Rahman Sheraz,26376-4590721-1,+923127341994,DXR-41641-2016,Mardan,"House No. 861, Street No. 1, Islamabad, Islamabad Capital Territory, 13953",9,"['Criminal Law' 'Consitituional & Writ Cases' 'Family & Minor Matters'
 'Tribunal Cases' 'Commercial & Banking']",Gulberg,LLM,Independent Practice,0,0,"['Roll of Honour (Punjab University Law College)'
 'Legal 500 Ranking (Leading Individual)']","With over 9 years of dedicated legal experience, I, Abdul Rahman Sheraz, specialize in Criminal Law, Constitutional & Writ Cases, and Family Law, offering comprehensive legal solutions to my clients. A proud graduate of Punjab University Law College with an LLM, I have been honored with the Roll of Honour for my academic excellence and have built a reputation for integrity and professionalism in my independent practice based in Gulberg, Mardan."
Humna Ejaz,33004-3590732-1,+923167832915,OES-24855-2016,Islamabad,"House No. 859, Street No. 28, Islamabad, Islamabad Capital Territory, 63051",3,"['Family & Minor Matters' 'Special Courts' 'Criminal Law'
 'Appeal & References']",Garden Town,LLM,Law Firm,0,0,"['Sitara-i-Imtiaz (Star of Excellence)'
 'IBA Outstanding Young Lawyer Award']","My name is Humna Ejaz, and I am a dedicated legal professional based in Islamabad with over three years of experience specializing in family and minor matters, special courts, and criminal law. Holding an LLM degree and practicing from Garden Town, I am committed to providing expert legal counsel and representation, having been recognized with prestigious awards such as the Sitara-i-Imtiaz and the IBA Outstanding Alumni Award. I strive to uphold the highest standards of integrity and professionalism in every case I handle."
Danish Amjad,75203-6772353-9,+923142963614,EXF-83321-2023,Kharmang,"House No. 327, Street No. 25, Khuzdar, Balochistan, 85910",8,['Special Courts' 'Civil Law' 'Criminal Law' 'Appeal & References'],Garden Town,LLM,Independent Practice,0,1,"['Hilal-i-Imtiaz (Crescent of Excellence)'
 'IBA Outstanding Young Lawyer Award']","With over 8 years of dedicated legal experience, I, Danish Amjad, specialize in Special Courts, Civil Law, Criminal Law, and Appeals, offering comprehensive legal solutions tailored to my clients' needs. Holding an LLM degree and practicing independently from my office in Garden Town, I have been recognized with prestigious honors such as the Hilal-i-Imtiaz (Crescent of Excellence) and the IBA Award, reflecting my commitment to excellence in the legal profession."
Mehak Naqash,44985-8756438-4,+923179674078,EBL-15376-2018,Mardan,"House No. 202, Street No. 29, Hunza, Gilgit Baltistan, 14360",6,['Special Courts' 'Appeal & References' 'Misc Cases'],Model Town,LLM,Law Firm,1,1,"['Sitara-i-Imtiaz (Star of Excellence)'
 'IBA Outstanding Young Lawyer Award']","With over six years of dedicated legal practice in Mardan, I, Mehak Naqash, specialize in handling cases before Special Courts, Appeals and References, and Miscellaneous Cases, ensuring meticulous attention to detail and robust advocacy. Holding an LLM degree and licensed under EBL-15376-2018, I am committed to delivering professional and client-focused legal solutions, backed by recognition such as the Sitara-i-Imtiaz (Star of Excellence) and the IBA Outstanding Achievement Award. My practice at Model Town Law Firm is designed to provide trusted guidance, whether through in-person consultations or online services, fostering a reputation for excellence and integrity."
Sara Bostan,29930-5063473-8,+923088209541,XBB-5212-2016,Mirpur Khas,"House No. 833, Street No. 14, Larkana, Sindh, 31170",7,['Special Courts' 'Civil Law' 'Appeal & References' 'Commercial & Banking'],Wapda Town,LLM,Law Firm,1,1,['Hilal-i-Imtiaz (Crescent of Excellence)'],"My name is Sara Bostan, a licensed advocate with over 7 years of experience specializing in civil law, appeals, and references, practicing from my firm in Wapda Town, Mirpur Khas. I hold an LLM degree and have been honored with the prestigious Hilal-i-Imtiaz (Crescent of Excellence), reflecting my commitment to legal excellence and client advocacy. I am dedicated to providing professional, reliable, and accessible legal services, including online consultations, to ensure justice and clarity for my clients."
Anwar Chughtai,37091-9902115-6,+923031120176,HGB-71198-2024,Islamabad,"House No. 132, Street No. 24, Skardu, Gilgit Baltistan, 85535",11,['Commercial & Banking'],Garden Town,LLM,Independent Practice,1,0,['The Lawyers Global - Country Winner (Pakistan)'],"I am Anwar Chughtai, an experienced legal professional with over 11 years of practice specializing in Commercial and Banking law. Based in Islamabad, I hold an LLM degree and operate an independent practice in Garden Town, offering both in-person and online consultations. Recognized as a Country Winner by The Lawyers Global, I am committed to providing trusted, client-focused legal solutions tailored to meet the unique needs of my clients."
Khizar Ijaz,58490-1666686-4,+923062279268,PDN-95397-2020,Rawalpindi,"House No. 821, Street No. 29, Astore, Gilgit Baltistan, 84137",1,['Special Courts' 'Appeal & References' 'Misc Cases'],Cavalry Ground,LLM,Law Firm,0,0,"['The Lawyers Global - Country Winner (Pakistan)'
 'Sitara-i-Imtiaz (Star of Excellence)'
 'Nishan-e-Imtiaz (Order of Excellence)']","With over a year of dedicated legal practice, I specialize in Special Courts, Appeals & References, and Miscellaneous Cases, offering clients comprehensive and strategic legal solutions. Based in Rawalpindi’s Cavalry Ground, I hold an LLM and am licensed under PDN-95397-2020, with a proven track record of success, including being recognized as a Country Winner by The Lawyers Global. My commitment to justice and client satisfaction drives my work at my law firm, where I strive to deliver exceptional legal representation tailored to each case."
Huzaifa Khurram,13886-9914407-9,+923169078146,CQP-36956-2020,Thatta,"House No. 90, Street No. 10, Multan, Punjab, 31812",8,['Special Courts' 'Criminal Law' 'Consitituional & Writ Cases'],DHA,LLM,Independent Practice,1,0,['Chambers and Partners Ranking (Band 1/2)'],"I am Huzaifa Khurram, an experienced legal professional with over 8 years of practice in criminal law, constitutional matters, and special courts, currently operating from my independent office in DHA. Holding an LLM degree and recognized by Chambers and Partners as a Band 1/2 ranked lawyer, I am committed to providing expert legal counsel with precision and integrity, ensuring my clients receive the highest standard of representation."
Zubair Jamal,92734-8463226-7,+923031842055,JLE-16620-2014,Karachi,"House No. 466, Street No. 24, Gujranwala, Punjab, 17219",7,['Tribunal Cases'],Township,LLM,Law Firm,0,0,"['Roll of Honour (Punjab University Law College)'
 'IBA Outstanding Young Lawyer Award']","My name is Zubair Jamal, and I am a dedicated legal professional with over 7 years of experience specializing in tribunal cases. Holding an LLM degree and licensed under JLE-16620-2014, I have built a strong reputation for delivering effective legal solutions, earning accolades such as the Roll of Honour from Punjab University Law College. Based in Karachi, I am committed to providing reliable and client-focused legal services tailored to meet your needs."
Elina Haider,46156-9773207-0,+923031542039,EFB-72074-2016,Gilgit,"House No. 113, Street No. 16, Mardan, Khyber Pakhtunkhwa, 32323",3,"['Criminal Law' 'Family & Minor Matters' 'Civil Law' 'Appeal & References'
 'Commercial & Banking']",Bahria Town,LLB,Law Firm,1,0,['Legal 500 Ranking (Leading Individual)'],"My name is Elina Haider, and I am a dedicated legal professional with over three years of experience specializing in Criminal Law, Family & Minor Matters, and Civil Litigation. Based in Gilgit, I hold an LLB degree and am proud to be recognized as a Leading Individual in the Legal 500 Ranking. I am committed to providing expert legal counsel and representation to my clients, ensuring their rights are protected and their concerns are addressed with the utmost professionalism."
Taha Aziz,28612-1732360-5,+923157426607,YWW-89105-2011,Hunza,"House No. 384, Street No. 21, Kharmang, Gilgit Baltistan, 13411",3,['Appeal & References' 'Commercial & Banking'],Model Town,LLB,Law Firm,1,0,"['Punjab Bar Council Excellence Award'
 'Tamgha-e-Imtiaz (Medal of Excellence)']","As a dedicated legal professional with three years of experience practicing in Hunza, I specialize in Appeal & References, Commercial & and Banking Law, offering expert guidance to clients navigating complex legal matters. A proud recipient of the Punjab Bar Council Excellence Award and Tamgha-e-Imtiaz, I hold an LLB degree and am committed to delivering precise, ethical, and client-focused solutions. Based in Model Town, my practice is rooted in a deep understanding of both local and commercial legal frameworks, ensuring trust and reliability in every case I handle."
Fariha Tarin,57263-6328937-1,+923069734812,VKS-28031-2024,Islamabad,"House No. 800, Street No. 20, Islamabad, Islamabad Capital Territory, 59273",9,['Special Courts' 'Commercial & Banking'],DHA,LLB,Independent Practice,0,1,"['Punjab Bar Council Excellence Award'
 'Senior Advocate Supreme Court (SASC) Title'
 'Legal 500 Ranking (Leading Individual)']","With over 9 years of experience as an independent legal practitioner, I specialize in matters pertaining to Special Courts, Commercial, and Banking law, offering clients in Islamabad and DHA comprehensive legal solutions backed by a strong academic foundation in LLB. Recognized for my commitment to excellence with the Punjab Bar Council Excellence Award and a reputation for professionalism, I strive to deliver trustworthy and effective legal counsel tailored to each client’s unique needs."
Mona Baber,60511-8579115-3,+923122839309,AMK-65966-2018,Makran,"House No. 543, Street No. 28, Thatta, Sindh, 20278",10,"['Family & Minor Matters' 'Civil Law' 'Appeal & References'
 'Tribunal Cases']",The Mall,LLM,Independent Practice,0,1,"['Chambers and Partners Ranking (Band 1/2)'
 'Legal 500 Ranking (Leading Individual)']","With over a decade of experience as an independent legal practitioner, I specialize in Family & Minor Matters, Civil Law, and Appeals, offering comprehensive legal solutions tailored to each client’s needs. Holding an LLM and recognized by Chambers and Partners (Band 1/2), I am committed to delivering professional, ethical, and results-driven representation from my office located at The Mall, Makran. My practice is rooted in a deep understanding of Pakistani law, ensuring clients receive trusted and effective counsel in their legal matters."
Aasma Wajid,25694-8612974-1,+923175182756,BZW-28245-2020,Swat,"House No. 748, Street No. 2, Astore, Gilgit Baltistan, 96490",8,"['Consitituional & Writ Cases' 'Appeal & References' 'Tribunal Cases'
 'Misc Cases']",Garden Town,LLB,Independent Practice,1,1,['Senior Advocate Supreme Court (SASC) Title'],"Assalam-o-Alaikum! I am Aasma Wajid, an experienced legal professional with over 8 years of expertise in Constitutional & Writ Cases, Appeals, and References, practicing independently from my office in Garden Town. Holding an LLB degree and honored with the prestigious Senior Advocate Supreme Court (SASC) title, I am committed to providing reliable, client-focused legal solutions while leveraging my strong educational background and professional achievements to ensure justice and trust."
Ghazala Mitha,34922-2921371-1,+923143830670,TQV-40260-2013,Faisalabad,"House No. 226, Street No. 8, Dera Ghazi Khan, Punjab, 40226",2,['Appeal & References'],Garden Town,LLM,Independent Practice,1,1,"['Roll of Honour (Punjab University Law College)'
 'Punjab Bar Council Excellence Award']","With over two years of dedicated legal experience, I specialize in appeals and references, providing expert representation and strategic counsel to clients in Faisalabad and beyond. Holding an LLM and recognized with the prestigious Roll of Honour from Punjab University Law College, I am committed to delivering professional and personalized legal solutions tailored to meet the unique needs of each client."
Javed Noman,17158-1697130-9,+923122352356,EXM-38768-2019,Sialkot,"House No. 285, Street No. 23, Rawalpindi, Punjab, 83053",9,['Special Courts' 'Commercial & Banking' 'Civil Law' 'Tribunal Cases'],Bahria Town,LLM,Law Firm,0,1,"['The Lawyers Global - Country Winner (Pakistan)'
 'Roll of Honour (Punjab University Law College)'
 'Punjab Bar Council Excellence Award']","As a seasoned legal professional with over 9 years of experience, I specialize in Special Courts, Commercial & Banking Law, and Civil Litigation, offering comprehensive legal solutions to clients in Sialkot and beyond. With an LLM degree and a license number EXM-38768-2019, I have built a reputation for excellence, earning recognition as a Country Winner by The Lawyers Global. Based in Bahria Town, I am committed to providing personalized, results-driven legal counsel tailored to meet the unique needs of each client."
Taha Iqbal,60795-9107087-6,+923065274013,ZJE-36246-2016,Mardan,"House No. 617, Street No. 17, Hyderabad, Sindh, 46762",4,['Family & Minor Matters' 'Appeal & References'],Model Town,LLB,Law Firm,0,1,"['Women in Law Awards (Advocate of the Year)'
 'Legal 500 Ranking (Leading Individual)'
 'Tamgha-e-Imtiaz (Medal of Excellence)']","With over four years of dedicated legal experience, I, Taha Iqbal, specialize in Family & Minor Matters, as well as Appeal & References, offering comprehensive legal solutions tailored to my clients' needs. Holding an LLB degree and licensed under ZJE-36246-2016, I have built a reputation for excellence in Mardan, where I practice from my office in Model Town. Recognized for my commitment to justice, I am honored to have received accolades such as the Women in Law Awards (Advocate of the Year), and I strive to uphold the highest standards of professionalism and integrity in every case I handle."
Ifra Yaseer,96905-9797082-9,+923064069971,RWQ-28269-2011,Charsadda,"House No. 593, Street No. 11, Gwadar, Balochistan, 12575",3,['Special Courts' 'Appeal & References' 'Commercial & Banking'],DHA,LLM,Independent Practice,0,1,"['LexisNexis Middle East & Pakistan Legal Awards'
 'Sitara-i-Imtiaz (Star of Excellence)'
 'Senior Advocate Supreme Court (SASC) Title']","My name is Ifra Yaseer, and I am an experienced lawyer based in Charsadda with a strong background in Special Courts, Appeals & References, and Commercial Law. Holding an LLM degree and licensed under RWQ-28269-2011, I have been practicing independently for three years, providing dedicated legal services from my office in DHA. I am committed to delivering professional and client-focused solutions, and I am honored to have received recognition such as the LexisNexis Middle East & Pakistan Legal Awards for my contributions to the legal field."
Aamna Asghar,64367-4680802-3,+923109232760,WPI-56479-2017,Dera Ghazi Khan,"House No. 333, Street No. 5, Haripur, Khyber Pakhtunkhwa, 71162",4,['Consitituional & Writ Cases'],Model Town,LLB,Independent Practice,1,0,['LexisNexis Middle East & Pakistan Legal Awards'],"I am Aamna Asghar, an independent legal practitioner with four years of experience specializing in Constitutional and Writ cases. Licensed under WPI-56479-2017, I serve clients from my office in Model Town, Dera Ghazi Khan, and offer online consultations to ensure accessibility. A proud recipient of the LexisNexis Middle East & Pakistan Legal Awards, I hold an LLB degree and am committed to delivering professional and trustworthy legal services tailored to my clients' needs."
Rimsha Rizwan,48065-6595876-0,+923092004009,KXN-80595-2017,Sukkur,"House No. 77, Street No. 16, Islamabad, Islamabad Capital Territory, 18963",9,['Appeal & References'],The Mall,LLM,Independent Practice,1,1,"['Sitara-i-Imtiaz (Star of Excellence)'
 'Senior Advocate Supreme Court (SASC) Title']","I am Rimsha Rizwan, an experienced advocate with nine years of dedicated practice in the field of law, specializing in appeals and references. I hold an LLM degree and am licensed under the number KXN-80595-2017, practicing independently from my office located on The Mall in Sukkur. My commitment to excellence has been recognized with prestigious honors, including the Sitara-i-Imtiaz, and I strive to provide trusted, professional legal counsel to my clients."
Atiya Malik,78525-7268204-1,+923052583947,OAU-72477-2017,Islamabad,"House No. 731, Street No. 11, Pasni, Balochistan, 31396",6,"['Criminal Law' 'Consitituional & Writ Cases' 'Tribunal Cases'
 'Appeal & References' 'Commercial & Banking']",Gulberg,LLM,Independent Practice,1,1,['Hilal-i-Imtiaz (Crescent of Excellence)'],"I am Atiya Malik, an experienced lawyer based in Islamabad with over six years of expertise in Criminal Law, Constitutional & Writ Cases, and other legal domains. Holding an LLM degree and practicing independently from my office in Gulberg, I have built a reputation for delivering effective legal solutions while upholding the highest professional standards. Recognized with the prestigious Hilal-i-Imtiaz (Crescent of Excellence), I am committed to providing reliable and accessible legal counsel, including online consultations, to clients across Pakistan."
Yasmeen Sarwar,94711-2964744-7,+923004948799,CGC-46153-2018,Gwadar,"House No. 853, Street No. 26, Islamabad, Islamabad Capital Territory, 70512",13,['Commercial & Banking'],Bahria Town,LLB,Independent Practice,1,1,"['The Lawyers Global - Country Winner (Pakistan)'
 'Punjab Bar Council Excellence Award']","I am Yasmeen Sarwar, a seasoned lawyer with over 13 years of experience specializing in Commercial and Banking law. Holding an LLB degree and practicing independently from my office in Bahria Town, I have successfully handled complex legal matters and earned recognition as a Country Winner by The Lawyers Global. I am committed to providing professional and reliable legal services to my clients, both in-person and through online consultations."
Hisham Hafiz,48122-4645956-0,+923143438960,RYO-42089-2019,Sukkur,"House No. 608, Street No. 9, Islamabad, Islamabad Capital Territory, 49568",6,['Family & Minor Matters' 'Consitituional & Writ Cases' 'Misc Cases'],Iqbal Town,LLM,Law Firm,1,1,"['Chambers and Partners Ranking (Band 1/2)'
 'Roll of Honour (Punjab University Law College)']","My name is Hisham Hafiz, and I am a dedicated legal professional with over six years of experience specializing in Family & Minor Matters, Constitutional & Writ Petitions, and Civil Litigation. I hold an LLM degree and have been recognized by Chambers and Partners Ranking (Band 1/2) and The Legal 500, reflecting my commitment to excellence in legal practice. Based in Sukkur, I provide comprehensive legal services through my law firm, ensuring personalized and effective solutions for my clients."
Zunaira Zaman,25753-5419607-1,+923105437960,SPN-76235-2021,Islamabad,"House No. 780, Street No. 24, Kohat, Khyber Pakhtunkhwa, 82427",5,['Civil Law' 'Appeal & References' 'Tribunal Cases' 'Misc Cases'],Johar Town,LLB,Law Firm,0,1,"['Nishan-e-Imtiaz (Order of Excellence)'
 'Senior Advocate Supreme Court (SASC) Title'
 'IBA Outstanding Young Lawyer Award']","With over five years of dedicated legal experience, I, Zunaira Zaman, specialize in Civil Law, Appeals & References, and Tribunal Cases, offering comprehensive legal solutions tailored to my clients' needs. Holding an LLB degree and licensed under SPN-76235-2021, I have built a strong reputation in Islamabad and Johar Town, earning accolades such as the prestigious Nishan-e-Imtiaz (Order of Excellence) and recognition as a Senior Advocate. My commitment to excellence and client-centric approach ensures that every case is handled with the utmost professionalism and care."
Haniyah Mukhtar,40620-5485567-2,+923154728808,ETH-24763-2010,Kohat,"House No. 809, Street No. 8, Dera Ismail Khan, Khyber Pakhtunkhwa, 18740",1,['Misc Cases'],Bahria Town,LLM,Independent Practice,1,0,"['The Lawyers Global - Country Winner (Pakistan)'
 'Sitara-i-Imtiaz (Star of Excellence)']","My name is Haniyah Mukhtar, and I am an independent legal practitioner based in Bahria Town, Kohat, with a strong focus on miscellaneous cases. Holding an LLM degree and licensed under ETH-24763-2010, I bring a year of dedicated experience in delivering client-centered legal solutions. Recognized as a Country Winner by The Lawyers Global, I am committed to providing professional and reliable legal assistance tailored to your needs."
Adeel Kashmiri,66618-2200161-4,+923191105526,OQN-90694-2021,Haripur,"House No. 169, Street No. 19, Islamabad, Islamabad Capital Territory, 70670",12,['Appeal & References' 'Misc Cases'],Iqbal Town,LLB,Law Firm,1,0,['Punjab Bar Council Excellence Award'],"I am Adeel Kashmiri, a seasoned legal professional with 12 years of experience specializing in Appeals & References and Miscellaneous Cases. Licensed under OQN-90694-2021 and based in Iqbal Town, Haripur, I hold an LLB degree and have been honored with the Punjab Bar Council Excellence Award for my dedication to the legal field. I am committed to providing expert legal guidance and representation, ensuring my clients receive the best possible outcomes."
Habib Fazal,29004-5089576-3,+923183230118,UXJ-88944-2024,Sibi,"House No. 959, Street No. 14, Dera Ghazi Khan, Punjab, 75204",3,['Consitituional & Writ Cases'],Iqbal Town,LLM,Law Firm,1,1,"['Roll of Honour (Punjab University Law College)'
 'Tamgha-e-Imtiaz (Medal of Excellence)']","As a dedicated legal professional with three years of experience specializing in constitutional and writ cases, I, Habib Fazal, am committed to providing comprehensive legal solutions tailored to my clients' needs. Armed with an LLM from Punjab University Law College and a strong foundation in law practice, I have earned recognition, including the Roll of Honour, for my contributions to the legal field. Based in Sibi and operating from Iqbal Town, I strive to uphold justice with integrity and professionalism."
Saniaa Zakir,72597-1014064-1,+923081906260,CGV-54852-2014,Charsadda,"House No. 888, Street No. 3, Sibi, Balochistan, 80361",5,"['Consitituional & Writ Cases' 'Criminal Law' 'Appeal & References'
 'Misc Cases']",Township,LLB,Law Firm,0,0,['Chambers and Partners Ranking (Band 1/2)'],"With over 5 years of experience in constitutional and writ cases, criminal law, and appellate practice, I am a dedicated legal professional committed to delivering strategic and result-oriented solutions. Holding an LLB degree and licensed under CGV-54852-2014, I have built a strong reputation for excellence, including being recognized by Chambers and Partners Ranking (Band 1/2). Based in Township, I strive to provide clients with reliable, ethical, and effective legal representation tailored to their unique needs."
Iqra Sadaqat,75458-8798576-8,+923098902690,DHT-12752-2014,Abbottabad,"House No. 904, Street No. 6, Sibi, Balochistan, 70683",13,['Special Courts' 'Misc Cases'],Model Town,LLB,Law Firm,0,0,"['The Lawyers Global - Country Winner (Pakistan)'
 'Roll of Honour (Punjab University Law College)'
 'Legal 500 Ranking (Leading Individual)']","I am Iqra Sadaqat, a dedicated legal professional with over 13 years of experience specializing in Special Courts and Miscellaneous Cases, committed to providing sound legal counsel and representation. Holding an LLB degree and licensed under DHT-12752-2014, I have built a strong reputation for delivering effective solutions to complex legal matters, earning recognition as a Country Winner by The Lawyers Global in Pakistan. Based in Abbottabad, I operate from Model Town, ensuring personalized and professional service to my clients."
Asiya Iftikhar,57048-6953222-5,+923166212581,XVK-37537-2013,Gilgit,"House No. 60, Street No. 16, Jacobabad, Sindh, 54453",5,['Special Courts'],Johar Town,LLM,Law Firm,1,1,"['Punjab Bar Council Excellence Award'
 'Nishan-e-Imtiaz (Order of Excellence)']","As a dedicated legal professional with five years of experience specializing in Special Courts, I, Asiya Iftikhar, bring a wealth of expertise and a commitment to justice to every case I handle. Holding an LLM degree and practicing from my law firm in Johar Town, I have been honored with accolades such as the Punjab Bar Council Excellence Award and Nishan-e-Imtiaz for my contributions to the legal field. My approachable yet professional demeanor ensures that clients receive personalized and effective legal solutions tailored to their needs."
Hussain Kamran,30276-1238205-6,+923184368216,HGJ-95714-2014,Astore,"House No. 148, Street No. 3, Mansehra, Khyber Pakhtunkhwa, 59577",0,['Appeal & References'],Model Town,LLB,Independent Practice,1,1,['Chambers and Partners Ranking (Band 1/2)'],"My name is Hussain Kamran, and I am a dedicated legal professional based in Astore, specializing in Appeals & References. With a strong educational background in LLB and an independent practice, I am committed to providing expert legal guidance tailored to my clients' needs. Recognized by Chambers and Partners (Band 1/2), I strive to uphold the highest standards of professionalism and integrity in every case I handle."
Humera Zahid,76029-3877959-0,+923069459531,DYT-96284-2012,Diamer,"House No. 514, Street No. 2, Bannu, Khyber Pakhtunkhwa, 76033",1,['Commercial & Banking' 'Misc Cases'],Iqbal Town,LLM,Law Firm,0,0,"['Women in Law Awards (Advocate of the Year)'
 'Sitara-i-Imtiaz (Star of Excellence)'
 'Tamgha-e-Imtiaz (Medal of Excellence)']","My name is Humera Zahid, and I am a dedicated legal professional based in Diamer with a specialization in Commercial & Banking Law and Miscellaneous Cases. With one year of experience and an LLM degree, I have successfully handled complex legal matters, earning recognition such as the Women in Law Awards (Advocate of the Year) and the Sindh Bar Council Excellence Award. I am committed to providing reliable and effective legal solutions to my clients, ensuring their rights and interests are safeguarded with the utmost professionalism."
Rafiya Imran,88315-4445185-6,+923143569428,RQH-50320-2020,Kohat,"House No. 528, Street No. 9, Islamabad, Islamabad Capital Territory, 90788",13,['Appeal & References'],Bahria Town,LLM,Independent Practice,0,1,"['The Lawyers Global - Country Winner (Pakistan)'
 'Hilal-i-Imtiaz (Crescent of Excellence)']","With over 13 years of experience in legal practice, I specialize in appeals and references, providing expert guidance to clients navigating complex legal matters. Holding an LLM degree and licensed under RQH-50320-2020, I have built a reputation for delivering results, earning recognition such as the Lawyers Global Country Winner (Pakistan) award. Based in Bahria Town, I offer independent legal services with a commitment to professionalism, integrity, and client satisfaction."
Barkat Mustafa,23437-2232102-0,+923134981090,BFB-61396-2021,Faisalabad,"House No. 894, Street No. 2, Islamabad, Islamabad Capital Territory, 74760",4,['Family & Minor Matters' 'Criminal Law'],DHA,LLM,Independent Practice,1,1,['Sitara-i-Imtiaz (Star of Excellence)'],"With over 4 years of experience as an independent legal practitioner, I specialize in Family & Minor Matters and Criminal Law, offering expert guidance and representation to clients in Faisalabad and beyond. Holding an LLM degree and practicing from DHA, I have been recognized with the prestigious Sitara-i-Imtiaz (Star of Excellence) for my contributions to the legal field, and I am committed to providing professional, client-focused services both in-person and online."
Anabia Hanif,30504-9281167-9,+923084344540,LXU-3464-2017,Kharmang,"House No. 474, Street No. 10, Islamabad, Islamabad Capital Territory, 36369",8,['Commercial & Banking'],Faisal Town,LLB,Law Firm,1,1,"['Senior Advocate Supreme Court (SASC) Title'
 'Tamgha-e-Imtiaz (Medal of Excellence)']","My name is Anabia Hanif, and I am a dedicated legal professional with over 8 years of experience specializing in Commercial and Banking Law. Holding an LLB degree and practicing from Faisal Town, I have had the privilege of earning the prestigious Senior Advocate Supreme Court (SASC) title and contributing to the legal field with a strong focus on client-centric solutions. I am committed to delivering expert legal counsel and ensuring the highest standards of professionalism in every case I handle."
Harema Junaid,85080-6211844-3,+923081789267,QYK-40135-2022,Hunza,"House No. 503, Street No. 17, Islamabad, Islamabad Capital Territory, 25597",13,['Civil Law' 'Consitituional & Writ Cases'],Cavalry Ground,LLM,Independent Practice,1,1,['Sitara-i-Imtiaz (Star of Excellence)'],"With over 13 years of experience in Civil Law and Constitutional & Writ Cases, I, Harema Junaid, am a dedicated and accomplished legal professional based in Hunza. Holding an LLM and recognized with the prestigious Sitara-i-Imtiaz (Star of Excellence), I provide independent legal practice from my office in Cavalry Ground, offering trusted and personalized legal solutions to my clients."
Zameel Qureshi,23971-3508271-0,+923081355173,XHP-81352-2017,Islamabad,"House No. 445, Street No. 27, Islamabad, Islamabad Capital Territory, 53531",4,['Special Courts' 'Consitituional & Writ Cases' 'Misc Cases'],The Mall,LLB,Independent Practice,0,0,"['The Lawyers Global - Country Winner (Pakistan)'
 'Punjab Bar Council Excellence Award'
 'Legal 500 Ranking (Leading Individual)']","As a practicing lawyer with four years of experience, I specialize in Constitutional and Writ Cases, Family Law, and Property Law, offering dedicated legal services to clients in Islamabad. Holding an LLB degree and licensed under XHP-81352-2017, I have successfully handled cases in Special Courts and am recognized as a Country Winner by The Lawyers Global (Pakistan, 2023). My practice is rooted in professionalism, integrity, and a commitment to delivering tailored legal solutions to meet the unique needs of each client."
Yameen Zeeshan,77247-2413773-3,+923034731699,RJF-86538-2019,Dera Ismail Khan,"House No. 671, Street No. 29, Kharmang, Gilgit Baltistan, 27753",7,['Family & Minor Matters' 'Special Courts'],Faisal Town,LLM,Independent Practice,1,1,"['LexisNexis Middle East & Pakistan Legal Awards'
 'Nishan-e-Imtiaz (Order of Excellence)']","My name is Yameen Zeeshan, and I am a licensed lawyer with over 7 years of experience specializing in Family & Minor Matters and Special Courts. Holding an LLM degree and recognized with the LexisNexis Middle East & Pakistan Legal Award, I provide independent legal practice in Faisal Town, Dera Ismail Khan, offering both in-person and online consultancy to ensure accessible and reliable legal support for my clients."
Waqas Ghuman,25259-3842894-3,+923001868366,PAP-86563-2010,Khairpur,"House No. 333, Street No. 6, Hyderabad, Sindh, 43900",11,['Family & Minor Matters'],Faisal Town,LLM,Law Firm,0,1,"['Punjab Bar Council Excellence Award'
 'Nishan-e-Imtiaz (Order of Excellence)']","Assalam-o-Alaikum, I am Advocate Waqas Ghuman, a seasoned legal professional with over 11 years of experience specializing in family and minor matters. Holding an LLM degree and recognized with the Punjab Bar Council Excellence Award and Nishan-e-Imtiaz, I am committed to providing diligent and empathetic legal representation. Based in Faisal Town, Khairpur, I strive to uphold the highest standards of justice while ensuring my clients receive personalized and effective solutions."
Batool Mughal,82019-8603466-6,+923105799878,PNJ-31555-2016,Lahore,"House No. 412, Street No. 21, Pasni, Balochistan, 83718",6,['Special Courts' 'Criminal Law' 'Misc Cases'],DHA,LLB,Independent Practice,1,1,"['Chambers and Partners Ranking (Band 1/2)'
 'Nishan-e-Imtiaz (Order of Excellence)'
 'IBA Outstanding Young Lawyer Award']","My name is Batool Mughal, and I am an independent legal practitioner with over 6 years of experience specializing in Special Courts, Criminal Law, and Miscellaneous Cases. Based in DHA, Lahore, I hold an LLB degree and have been recognized for my expertise, including being ranked in Chambers and Partners (Band 1/2) and receiving the Nishaan-e-Imtiaz. I am committed to providing professional and reliable legal services to my clients, both in-person and through online consultations."
Jawwad Malook,30294-5776155-9,+923038877935,YSH-7808-2011,Astore,"House No. 825, Street No. 7, Diamer, Gilgit Baltistan, 61416",13,['Criminal Law' 'Appeal & References'],Iqbal Town,LLB,Independent Practice,1,0,['Women in Law Awards (Advocate of the Year)'],"My name is Jawwad Malook, and I am a seasoned legal professional with 13 years of experience specializing in Criminal Law, Appeals, and References. Based in Astore, I hold an LLB degree and have been practicing independently since obtaining my license (YSH-7808-2011). My dedication to justice and client advocacy has been recognized with the Women in Law Awards (Advocate of the Year), and I am committed to providing expert legal counsel to those in need."
Parveen Tarin,80173-7288046-0,+923168937602,CHN-91248-2012,Hunza,"House No. 273, Street No. 26, Sibi, Balochistan, 56522",4,['Tribunal Cases' 'Misc Cases'],DHA,LLB,Law Firm,1,0,"['Senior Advocate Supreme Court (SASC) Title'
 'Tamgha-e-Imtiaz (Medal of Excellence)']","As a dedicated legal professional with over four years of experience in handling tribunal and miscellaneous cases, I am committed to providing expert legal guidance tailored to my clients' needs. Holding an LLB degree and recognized with the prestigious Senior Advocate Supreme Court (SASC) title, I bring a wealth of knowledge and a proven track record to my practice. Based in DHA, I strive to uphold the highest standards of professionalism and integrity, ensuring that every client receives personalized and effective legal solutions."
Shabbir Haider,37611-7856807-8,+923106478840,CCQ-60684-2014,Dera Ghazi Khan,"House No. 439, Street No. 7, Abbottabad, Khyber Pakhtunkhwa, 66136",7,['Civil Law' 'Appeal & References' 'Tribunal Cases'],Johar Town,LLB,Law Firm,1,1,['Tamgha-e-Imtiaz (Medal of Excellence)'],"As a dedicated legal professional with over 7 years of experience in Civil Law, Appeals & References, and Tribunal Cases, I, Shabbir Haider, am committed to providing expert legal counsel tailored to your needs. Holding an LLB degree and licensed under CCQ-60684-2014, I have successfully represented clients in complex legal matters while maintaining the highest standards of professionalism. Recognized with the prestigious Tamgha-e-Imtiaz (Medal of Excellence), I strive to deliver results-driven solutions and ensure justice for every client I serve."
Abdul Aziz Yaseen,16756-6772803-6,+923068254929,QHU-74630-2023,Faisalabad,"House No. 999, Street No. 15, Shikarpur, Sindh, 50561",6,['Family & Minor Matters' 'Criminal Law' 'Commercial & Banking'],Model Town,LLB,Law Firm,0,0,['LexisNexis Middle East & Pakistan Legal Awards'],"My name is Abdul Aziz Yaseen, and I am a licensed advocate with over six years of experience practicing law in Faisalabad. Specializing in family and minor matters, criminal law, and commercial litigation, I hold an LLB degree and have been recognized with the LexisNexis Middle East & Pakistan Legal Awards for my professional contributions. Based in Model Town, I am committed to providing diligent legal representation and personalized counsel to my clients."
Maheen Hussaini,49919-4756363-7,+923079292955,FEN-52854-2024,Swat,"House No. 757, Street No. 2, Islamabad, Islamabad Capital Territory, 59549",8,['Consitituional & Writ Cases'],Garden Town,LLM,Law Firm,0,0,['Hilal-i-Imtiaz (Crescent of Excellence)'],"With over 8 years of experience in constitutional and writ cases, I am a dedicated legal professional committed to upholding justice and protecting the rights of my clients. I hold an LLM degree and am licensed to practice in Swat, currently operating from my office in Garden Town. Recognized with the prestigious Hilal-i-Imtiaz for my contributions to the legal field, I strive to provide expert legal counsel with integrity and precision."
Ubaid Agha,18231-3698032-6,+923099834218,ELC-57063-2016,Sargodha,"House No. 276, Street No. 30, Islamabad, Islamabad Capital Territory, 53203",0,['Family & Minor Matters' 'Civil Law' 'Tribunal Cases'],Township,LLM,Independent Practice,1,1,"['The Lawyers Global - Country Winner (Pakistan)'
 'Chambers and Partners Ranking (Band 1/2)'
 'Punjab Bar Council Excellence Award']","As a dedicated legal professional with a strong foundation in Family & Minor Matters, Civil Law, and Tribunal Cases, I bring a fresh perspective and unwavering commitment to my practice. Holding an LLM degree and operating as an independent practitioner in Sargodha, I am passionate about delivering tailored legal solutions to my clients. My recognition as a Country Winner by The Lawyers Global underscores my dedication to excellence and client satisfaction."
Ghazal Iqbal,25992-7233746-8,+923169917917,EBW-50130-2010,Chaman,"House No. 944, Street No. 15, Jacobabad, Sindh, 51693",9,['Special Courts' 'Criminal Law' 'Tribunal Cases'],Bahria Town,LLM,Law Firm,1,1,['LexisNexis Middle East & Pakistan Legal Awards'],"As a seasoned legal professional with nine years of experience specializing in Special Courts, Criminal Law, and Tribunal Cases, I am committed to providing comprehensive and strategic legal solutions tailored to each client's needs. Holding an LLM degree and practicing from Bahria Town, I have successfully handled complex cases and earned recognition, including the LexisNexis Middle East & Pakistan Legal Awards. My approach combines meticulous legal expertise with a client-focused mindset to ensure justice and favorable outcomes."
Abdul Hadi Ejaz,44102-9203318-5,+923106105357,BDF-7809-2020,Mansehra,"House No. 887, Street No. 10, Diamer, Gilgit Baltistan, 76759",8,['Special Courts' 'Appeal & References' 'Misc Cases'],Johar Town,LLB,Law Firm,1,0,['Hilal-i-Imtiaz (Crescent of Excellence)'],"As a seasoned legal professional with over 8 years of experience, I specialize in handling cases in Special Courts, Appeals, References, and Miscellaneous Cases, ensuring comprehensive and strategic legal solutions for my clients. Armed with an LLB degree and a commitment to excellence, I have been recognized with the prestigious Hilal-i-Imtiaz (Crescent of Excellence), reflecting my dedication to the legal profession. Based in Johar Town, Mansehra, I am available for online consultations and strive to provide accessible, reliable, and effective legal services tailored to meet the unique needs of each client."
Insha Jamali,24993-9951384-7,+923114232215,LPZ-2658-2021,Hunza,"House No. 96, Street No. 9, Larkana, Sindh, 33341",10,['Family & Minor Matters' 'Special Courts' 'Misc Cases'],Cavalry Ground,LLM,Law Firm,1,0,"['Chambers and Partners Ranking (Band 1/2)'
 'Sitara-i-Imtiaz (Star of Excellence)']","My name is Insha Jamali, and I am a seasoned legal professional with over a decade of experience specializing in family and minor matters, special courts, and miscellaneous legal issues. Holding an LLM degree and licensed under LPZ-2658-2021, I have built a reputation for delivering meticulous and client-focused legal solutions, earning recognition such as the Chambers and Partners Ranking (Band 1/2). Based in Cavalry Ground, I am committed to providing expert legal counsel with integrity and professionalism to clients in Hunza and beyond."
Maria Karim,70611-7874718-7,+923117349911,KEI-46319-2023,Gwadar,"House No. 86, Street No. 16, Skardu, Gilgit Baltistan, 98713",12,['Criminal Law' 'Civil Law' 'Consitituional & Writ Cases'],Garden Town,LLB,Law Firm,1,1,"['Women in Law Awards (Advocate of the Year)'
 'LexisNexis Middle East & Pakistan Legal Awards'
 'Roll of Honour (Punjab University Law College)']","I am Maria Karim, a seasoned legal professional with 12 years of experience specializing in Criminal Law, Civil Law, Constitutional Law, and Writ Petitions. Based in Gwadar, I hold an LLB degree and am licensed under KEI-46319-2023, practicing from my office in Garden Town. Recognized for my dedication and expertise, I have been honored with the Women in Law Awards (Advocate of the Year) and the Law Excellence Award, and I am committed to providing trusted legal counsel with a focus on client satisfaction."
Zarmeen Mirwani,13894-5014118-4,+923023266415,LBT-9166-2024,Hunza,"House No. 168, Street No. 26, Astore, Gilgit Baltistan, 37203",11,['Appeal & References'],Johar Town,LLB,Law Firm,1,1,"['Punjab Bar Council Excellence Award'
 'Nishan-e-Imtiaz (Order of Excellence)'
 'Tamgha-e-Imtiaz (Medal of Excellence)']","As a seasoned legal professional with over 11 years of experience, I, Zarmeen Mirwani, specialize in Appeal & References, offering comprehensive legal solutions to clients in Hunza and beyond. A proud graduate of LLB, I am licensed under LBT-9166-2024 and have been honored with accolades such as the Punjab Bar Council Excellence Award and Nishan-e-Imtiaz for my dedication to the legal field. Based in Johar Town, I am committed to providing expert legal counsel with a focus on integrity, professionalism, and client satisfaction."
Babar Qadir,36916-4936231-8,+923003684434,FSY-93104-2019,Gujranwala,"House No. 366, Street No. 25, Abbottabad, Khyber Pakhtunkhwa, 49852",12,['Civil Law'],Model Town,LLB,Law Firm,1,1,"['The Lawyers Global - Country Winner (Pakistan)'
 'Sitara-i-Imtiaz (Star of Excellence)'
 'Senior Advocate Supreme Court (SASC) Title']","As a seasoned legal professional with over 12 years of experience in civil law, I, Babar Qadir, am committed to providing comprehensive and reliable legal solutions to my clients. Licensed under FSY-93104-2019, I specialize in civil litigation and operate from my office in Model Town, Gujranwala, backed by an LLB degree and a proven track record of success, including recognition as a Country Winner by The Lawyers Global."
Haider Taj,19230-1139897-3,+923095434081,BBW-73798-2015,Thatta,"House No. 814, Street No. 19, Islamabad, Islamabad Capital Territory, 23691",8,['Civil Law' 'Criminal Law'],DHA,LLB,Independent Practice,0,1,['LexisNexis Middle East & Pakistan Legal Awards'],"My name is Haider Taj, and I am an experienced lawyer based in Thatta with 8 years of expertise in Civil and Criminal Law. Holding an LLB degree, I have built a strong reputation through independent practice, particularly in DHA, and have been recognized with the LexisNexis Middle East & Pakistan Legal Awards for my contributions to the legal field. I am committed to providing professional and reliable legal services to my clients."
Haleema Monis,13791-6917024-5,+923077645957,SVR-64714-2012,Quetta,"House No. 494, Street No. 18, Swat, Khyber Pakhtunkhwa, 17049",2,"['Family & Minor Matters' 'Civil Law' 'Consitituional & Writ Cases'
 'Criminal Law']",Johar Town,LLB,Law Firm,0,1,"['LexisNexis Middle East & Pakistan Legal Awards'
 'Legal 500 Ranking (Leading Individual)']","As a dedicated legal professional with over two years of experience, I specialize in Family & Minor Matters, Civil Law, and Constitutional Law, offering comprehensive legal solutions tailored to my clients’ needs. Holding an LLB degree and practicing from my firm in Johar Town, Quetta, I am committed to upholding justice with integrity and professionalism. Recognized with the LexisNexis Middle East & Pakistan Legal Award, I strive to deliver exceptional legal services while building trust and fostering long-term relationships with my clients."
Luqman Zarif,25487-6314798-0,+923059031314,BTT-17342-2010,Abbottabad,"House No. 261, Street No. 8, Hunza, Gilgit Baltistan, 87604",6,"['Criminal Law' 'Civil Law' 'Tribunal Cases' 'Appeal & References'
 'Commercial & Banking']",Cavalry Ground,LLB,Independent Practice,1,1,"['Women in Law Awards (Advocate of the Year)'
 'Punjab Bar Council Excellence Award'
 'Senior Advocate Supreme Court (SASC) Title']","My name is Luqman Zarif, an LLB-qualified advocate with over 6 years of experience in Criminal Law, Civil Law, Tribunal Cases, and Appeals. Based in Abbottabad and Cavalry Ground, I have successfully represented clients in complex legal matters, earning recognition such as the Women in Law Awards (Advocate of the Year) and the Pakistan Bar Council Excellence Award. I offer both in-person and online consultations, ensuring accessible and professional legal services tailored to each client’s needs."
Zameena Shuja,28526-7839048-0,+923075293875,MSP-9651-2018,Gilgit,"House No. 59, Street No. 3, Hyderabad, Sindh, 20869",13,['Tribunal Cases'],Township,LLB,Law Firm,0,1,['Chambers and Partners Ranking (Band 1/2)'],"As a seasoned legal professional with over 13 years of experience, I specialize in tribunal cases and have built a reputation for delivering effective legal solutions. Holding an LLB degree and licensed under MSP-9651-2018, I am committed to upholding the highest standards of legal practice. My work has been recognized by Chambers and Partners, ranking me in Band 1/2, and I am dedicated to providing trusted legal counsel to clients in Gilgit and beyond."
Subhana Mirza,68652-6907761-2,+923162282846,UUI-16614-2017,Thatta,"House No. 278, Street No. 5, Ghizer, Gilgit Baltistan, 89756",11,['Civil Law' 'Consitituional & Writ Cases' 'Appeal & References'],The Mall,LLM,Law Firm,0,1,"['Punjab Bar Council Excellence Award'
 'IBA Outstanding Young Lawyer Award']","As an experienced legal professional with over 11 years of practice, I specialize in Civil Law, Constitutional & Writ Cases, and Appeals, offering comprehensive legal solutions to my clients. Holding an LLM degree and licensed under UUI-16614-2017, I am committed to delivering excellence in legal representation, backed by my recognition through the Punjab Bar Council Excellence Award and my academic achievements at IBA."
Zameena Sharafat,62284-8628522-8,+923087687686,LUV-18781-2017,Quetta,"House No. 247, Street No. 2, Multan, Punjab, 42178",12,['Consitituional & Writ Cases'],The Mall,LLM,Independent Practice,1,1,"['The Lawyers Global - Country Winner (Pakistan)'
 'Chambers and Partners Ranking (Band 1/2)'
 'Roll of Honour (Punjab University Law College)']","With over 12 years of experience in Constitutional and Writ cases, I, Zameena Sharafat, am a dedicated legal professional based in Quetta, committed to providing expert legal counsel and representation. Holding an LLM degree and licensed under LUV-18781-2017, I specialize in handling complex constitutional matters and offer independent practice services from my office on The Mall. Recognized as a Country Winner by The Lawyers Global, I strive to deliver trusted, client-focused solutions with professionalism and integrity."
Hareem Kiani,86477-4479870-5,+923159319585,AUM-20651-2014,Shigar,"House No. 973, Street No. 28, Dera Ismail Khan, Khyber Pakhtunkhwa, 86167",1,['Special Courts'],The Mall,LLB,Independent Practice,0,0,['Hilal-i-Imtiaz (Crescent of Excellence)'],"My name is Hareem Kiani, and I am an independent legal practitioner based in Shigar with one year of experience specializing in Special Courts. I hold an LLB degree and am licensed under AUM-20651-2014, currently practicing at The Mall. I am honored to have been recognized with the prestigious Hilal-i-Imtiaz (Crescent of Excellence), reflecting my commitment to delivering professional and reliable legal services to my clients."
Sameer Kabir,10454-7587795-7,+923006599539,BWU-76487-2016,Islamabad,"House No. 370, Street No. 1, Islamabad, Islamabad Capital Territory, 70311",12,['Special Courts' 'Appeal & References'],Iqbal Town,LLB,Independent Practice,0,0,"['Punjab Bar Council Excellence Award'
 'Senior Advocate Supreme Court (SASC) Title']","I am Sameer Kabir, a dedicated legal professional with over 12 years of experience specializing in Special Courts, Appeals, and References. Holding an LLB degree and licensed under BWU-76487-2016, I have built a reputation for delivering meticulous legal solutions tailored to my clients' needs. Based in Islamabad, I have been honored with the Punjab Bar Council Excellence Award and the Senior Advocate Recognition, reflecting my commitment to excellence in independent legal practice."
Mehr Pathan,51466-1774108-5,+923141414151,RZG-15187-2010,Rawalpindi,"House No. 257, Street No. 25, Islamabad, Islamabad Capital Territory, 32895",13,['Special Courts' 'Criminal Law' 'Commercial & Banking' 'Tribunal Cases'],Faisal Town,LLM,Law Firm,1,1,"['The Lawyers Global - Country Winner (Pakistan)'
 'Hilal-i-Imtiaz (Crescent of Excellence)'
 'IBA Outstanding Young Lawyer Award']","I am Mehr Pathan, a seasoned legal professional with over 13 years of experience specializing in Special Courts, Criminal Law, Commercial & Banking Law, and Family Law. Holding an LLM degree and practicing from my law firm in Faisal Town, Rawalpindi, I have been recognized as a Country Winner by The Lawyers Global in Pakistan, reflecting my commitment to excellence. I offer both in-person and online consultations, ensuring accessible and reliable legal guidance tailored to my clients' needs."
Zunisha Kabir,63978-5819264-7,+923057943851,KYC-14461-2010,Gilgit,"House No. 681, Street No. 5, Islamabad, Islamabad Capital Territory, 75482",13,['Special Courts'],The Mall,LLB,Independent Practice,1,0,['Punjab Bar Council Excellence Award'],"As a seasoned legal professional with 13 years of experience in Special Courts, I, Zunisha Kabir, bring a wealth of expertise and dedication to my independent practice based in Gilgit. Holding an LLB degree and recognized with the Punjab Bar Council Excellence Award, I am committed to providing tailored legal solutions to my clients, ensuring justice and integrity in every case I handle."
Fatima Sharafat,26499-8447969-3,+923097741541,XTU-23155-2020,Swat,"House No. 955, Street No. 18, Kharmang, Gilgit Baltistan, 93082",9,['Civil Law' 'Commercial & Banking'],Bahria Town,LLM,Law Firm,0,0,['Legal 500 Ranking (Leading Individual)'],"With over 9 years of experience in civil law, commercial, and banking matters, I, Fatima Sharafat, am committed to providing expert legal counsel tailored to meet the unique needs of my clients. Holding an LLM degree and recognized by Legal 500 as a Leading Individual, I operate from Bahria Town, offering professional services through my law firm with a focus on delivering practical and effective solutions."
Sarim Ali,40778-7184464-3,+923109619199,UHD-16422-2020,Islamabad,"House No. 912, Street No. 13, Larkana, Sindh, 60489",7,['Family & Minor Matters' 'Special Courts' 'Tribunal Cases' 'Misc Cases'],Model Town,LLB,Independent Practice,0,0,"['Hilal-i-Imtiaz (Crescent of Excellence)'
 'Tamgha-e-Imtiaz (Medal of Excellence)']","My name is Sarim Ali, and I am a seasoned legal professional with over 7 years of experience specializing in Family & Minor Matters, Special Courts, and Tribal Law. Based in Islamabad, I hold an LLB degree and operate my independent practice in Model Town, where I have successfully represented clients in complex cases. Recognized for my dedication and expertise, I have been honored with prestigious awards such as the Hilal-i-Imtiaz (Crescent of Excellence) and Tamgha-i-Imtiaz (Medal of Excellence), reflecting my commitment to delivering exceptional legal services."
Burhan Hayat,22395-3384101-3,+923035136735,TUU-6944-2020,Bannu,"House No. 85, Street No. 19, Swat, Khyber Pakhtunkhwa, 20633",13,['Consitituional & Writ Cases'],Faisal Town,LLB,Law Firm,0,0,['Senior Advocate Supreme Court (SASC) Title'],"Assalam-o-Alaikum! I am Burhan Hayat, a seasoned legal professional with over 13 years of experience specializing in Constitutional and Writ Cases. Holding an LLB degree and recognized as a Senior Advocate Supreme Court (SASC), I am committed to providing expert legal counsel and representation to my clients. Based in Faisal Town, Bannu, I strive to uphold the highest standards of integrity and professionalism in every case I handle."
Nuh Rind,19005-1378985-8,+923054737588,ROM-77258-2021,Peshawar,"House No. 500, Street No. 12, Rawalpindi, Punjab, 96389",10,['Special Courts' 'Appeal & References' 'Misc Cases'],Township,LLB,Independent Practice,1,1,"['Sitara-i-Imtiaz (Star of Excellence)'
 'Tamgha-e-Imtiaz (Medal of Excellence)']","With over a decade of legal experience, I, Nuh Rind, specialize in handling Special Courts, Appeal & References, and Miscellaneous Cases, offering dedicated and result-oriented representation to my clients. Holding an LLB degree and licensed under ROM-77258-2021, I am based in Peshawar and operate from Township, providing independent legal practice with a strong commitment to justice. My work has been recognized with prestigious honors such as the Sitara-i-Imtiaz (Star of Excellence) and Tamgha-i-Imtiaz, reflecting my dedication to excellence in the legal profession."
Mansoor Khosa,86007-6039983-5,+923075434141,HZS-9767-2015,Sibi,"House No. 678, Street No. 29, Ghizer, Gilgit Baltistan, 69929",13,['Misc Cases'],Wapda Town,LLB,Independent Practice,1,0,"['LexisNexis Middle East & Pakistan Legal Awards'
 'Punjab Bar Council Excellence Award'
 'Tamgha-e-Imtiaz (Medal of Excellence)']","I am Mansoor Khosa, an experienced lawyer with over 13 years of practice in Sibi, specializing in miscellaneous cases. Holding an LLB degree and practicing independently from my office in Wapda Town, I am committed to providing reliable and professional legal services to my clients. Recognized with the LexisNexis Middle East & Pakistan Legal Award, I strive to uphold the highest standards of legal expertise and client trust."
Saeeda Khattak,89541-3103419-8,+923038285528,RIO-98628-2021,Peshawar,"House No. 475, Street No. 9, Dera Ismail Khan, Khyber Pakhtunkhwa, 72109",13,['Criminal Law' 'Misc Cases'],Bahria Town,LLB,Law Firm,0,1,"['Women in Law Awards (Advocate of the Year)'
 'LexisNexis Middle East & Pakistan Legal Awards'
 'Tamgha-e-Imtiaz (Medal of Excellence)']","My name is Saeeda Khattak, and I am a seasoned legal professional with over 13 years of experience specializing in Criminal Law and Miscellaneous Cases. Holding an LLB degree and licensed under RIO-98628-2021, I have built a reputation for delivering strategic and client-focused legal solutions from my office in Bahria Town, Peshawar. Recognized with prestigious accolades such as the Women in Law Awards (Advocate of the Year), I am committed to upholding justice and providing exceptional legal counsel to my clients."
Areeb Qasim,10621-6279569-4,+923025904570,BOZ-44220-2017,Larkana,"House No. 102, Street No. 23, Charsadda, Khyber Pakhtunkhwa, 46356",2,"['Family & Minor Matters' 'Consitituional & Writ Cases'
 'Commercial & Banking' 'Misc Cases']",Iqbal Town,LLM,Independent Practice,0,1,"['Chambers and Partners Ranking (Band 1/2)'
 'LexisNexis Middle East & Pakistan Legal Awards']","My name is Areeb Qasim, and I am an independent legal practitioner based in Larkana with over two years of experience specializing in Family & Minor Matters, Constitutional & Writ Petitions, and Property Law. I hold an LLM degree and have been recognized with prestigious accolades such as the Chambers and Partners Ranking (Band 1/2) and inclusion in the Legal 500 GC Powerlist. Committed to delivering sound legal advice and representation, I strive to uphold the highest standards of professionalism while addressing the unique needs of my clients."
Maliha Siddique,35018-3489177-9,+923174254044,DEC-85625-2020,Islamabad,"House No. 31, Street No. 21, Thatta, Sindh, 84818",4,['Special Courts' 'Consitituional & Writ Cases' 'Commercial & Banking'],Wapda Town,LLM,Independent Practice,0,0,['Legal 500 Ranking (Leading Individual)'],"My name is Maliha Siddique, and I am an experienced legal professional with over four years of expertise in handling Special Courts, Constitutional & Writ Cases, and other complex legal matters. I hold an LLM degree and am based in Islamabad, where I practice independently from my office in Wapda Town. Recognized by Legal 500 as a Leading Individual, I am committed to providing dedicated and strategic legal solutions to my clients."
Saqib Taj,30994-1811643-0,+923024979830,KXY-46278-2020,Swat,"House No. 241, Street No. 15, Jacobabad, Sindh, 42161",1,"['Family & Minor Matters' 'Special Courts' 'Appeal & References'
 'Commercial & Banking']",Model Town,LLB,Law Firm,1,1,"['Senior Advocate Supreme Court (SASC) Title'
 'Tamgha-e-Imtiaz (Medal of Excellence)']","As a dedicated legal professional with over one year of experience, I specialize in family and minor matters, special courts, and appeals, offering comprehensive legal solutions tailored to my clients' needs. Based in Model Town, Swat, I hold an LLB degree and am licensed under KXY-46278-2020, with a proven track record of delivering results. My commitment to excellence has been recognized with the prestigious Senior Advocate Supreme Court (SASC) Title, and I am available for both in-person consultations and online legal services to ensure accessibility and convenience for my clients."
Sundus Kamil,61305-9963910-6,+923008032618,QHG-46567-2020,Nawabshah,"House No. 147, Street No. 9, Khuzdar, Balochistan, 21869",6,['Special Courts' 'Consitituional & Writ Cases' 'Criminal Law'],Garden Town,LLM,Independent Practice,1,0,"['The Lawyers Global - Country Winner (Pakistan)'
 'Nishan-e-Imtiaz (Order of Excellence)']","As a dedicated legal professional with over six years of experience, I specialize in handling Special Courts, Constitutional & Writ Cases, and other complex legal matters with precision and integrity. Holding an LLM degree and recognized as a Country Winner by The Lawyers Global, I am committed to providing sound legal advice and representation to my clients. Based in Nawabshah, I operate independently from my office in Garden Town, ensuring personalized and effective solutions tailored to each case."
Alishba Khawaja,15842-8689202-9,+923108468658,ITI-33091-2019,Islamabad,"House No. 622, Street No. 16, Mirpur Khas, Sindh, 97890",0,['Tribunal Cases' 'Misc Cases'],Cavalry Ground,LLB,Independent Practice,1,1,"['IBA Outstanding Young Lawyer Award'
 'Legal 500 Ranking (Leading Individual)'
 'Tamgha-e-Imtiaz (Medal of Excellence)']","My name is Alishba Khawaja, an LLB graduate and independent legal practitioner based in Islamabad, specializing in tribunal and miscellaneous cases. With a commitment to delivering precise and effective legal solutions, I bring a fresh perspective to my practice, supported by my dedication to professional growth and a strong foundation in legal principles. I am honored to have received recognition such as the IBA Outstanding Young Lawyer Award and to be listed in Legal 500, and I strive to uphold the highest standards of integrity and excellence in serving my clients."
Tanisha Mitha,38095-2195449-8,+923157730662,IUJ-54342-2021,Gwadar,"House No. 504, Street No. 18, Skardu, Gilgit Baltistan, 68403",8,"['Tribunal Cases' 'Special Courts' 'Consitituional & Writ Cases'
 'Commercial & Banking']",Iqbal Town,LLB,Law Firm,1,0,['Chambers and Partners Ranking (Band 1/2)'],"With over eight years of experience in handling tribunal cases, special courts, and constitutional matters, I, Tanisha Mitha, bring a wealth of expertise to the legal landscape of Gwadar. Holding an LLB degree and recognized by Chambers and Partners Ranking (Band 1/2), I am committed to delivering tailored legal solutions with professionalism and integrity. My practice, based in Iqbal Town, combines a deep understanding of the law with a client-focused approach, ensuring effective representation and trusted counsel."
Ehtisham Dogar,41558-5983672-6,+923124480564,UZZ-92970-2020,Mirpur Khas,"House No. 817, Street No. 3, Skardu, Gilgit Baltistan, 29420",5,['Consitituional & Writ Cases' 'Misc Cases'],Garden Town,LLB,Independent Practice,1,1,['Legal 500 Ranking (Leading Individual)'],"With over five years of dedicated legal experience, I specialize in Constitutional & Writ Cases and Miscellaneous Cases, offering clients strategic and effective representation. A licensed advocate based in Mirpur Khas and practicing independently from my office in Garden Town, I hold an LLB degree and have been recognized as a Leading Individual by Legal 500. I am committed to providing professional, accessible legal services, including online consultations, and strive to build trust through integrity and expertise."
Hifza Niazi,46849-8859194-9,+923157477610,COV-4185-2018,Hunza,"House No. 772, Street No. 21, Jacobabad, Sindh, 91820",0,['Family & Minor Matters'],Bahria Town,LLM,Independent Practice,1,0,"['Chambers and Partners Ranking (Band 1/2)'
 'Tamgha-e-Imtiaz (Medal of Excellence)']","Assalam-o-Alaikum, I am Hifza Niazi, an LLM-qualified lawyer based in Hunza, specializing in Family & Minor Matters with a commitment to providing compassionate and effective legal solutions. Although I am in the early stages of my independent practice, I am dedicated to upholding the highest standards of legal service, drawing on my academic background and a client-focused approach. I am honored to have been recognized by Chambers and Partners Ranking (Band 1/2), and I am available for online consultations to assist clients across Pakistan."
Hussain Talpur,23802-1585565-8,+923041116166,ATG-74331-2010,Shikarpur,"House No. 12, Street No. 12, Gujranwala, Punjab, 32222",13,"['Criminal Law' 'Misc Cases' 'Family & Minor Matters'
 'Appeal & References' 'Commercial & Banking']",Bahria Town,LLB,Law Firm,1,0,['LexisNexis Middle East & Pakistan Legal Awards'],"I am Hussain Talpur, a seasoned legal professional with 13 years of experience specializing in Criminal Law, Misc Cases, and Family & Minor Matters. Holding an LLB degree and practicing from my office in Bahria Town, I have successfully handled a diverse range of cases, earning recognition such as the LexisNexis Middle East & Pakistan Legal Awards. I am committed to providing expert legal guidance and representation to my clients with integrity and dedication."
Saad Ashfaq,15970-9849387-5,+923032001310,RGE-94043-2020,Ghizer,"House No. 922, Street No. 26, Karachi, Sindh, 36108",2,['Family & Minor Matters' 'Tribunal Cases'],Faisal Town,LLB,Law Firm,1,1,"['The Lawyers Global - Country Winner (Pakistan)'
 'Tamgha-e-Imtiaz (Medal of Excellence)']","My name is Saad Ashfaq, and I am a dedicated legal professional with over two years of experience specializing in family and minor matters, as well as tribunal cases. Based in Faisal Town, I hold an LLB degree and am committed to providing comprehensive legal solutions tailored to my clients' needs. Recognized as a Country Winner by The Lawyers Global, I strive to uphold the highest standards of legal practice while ensuring accessibility through online consultancy services."
Zameer Ahmed,56935-5064462-9,+923071718173,OHF-3999-2010,Sargodha,"House No. 683, Street No. 13, Sibi, Balochistan, 53844",4,['Civil Law'],The Mall,LLB,Law Firm,0,1,"['Punjab Bar Council Excellence Award'
 'Sitara-i-Imtiaz (Star of Excellence)']","With over four years of experience specializing in Civil Law, I am a dedicated legal professional committed to providing expert guidance and representation to my clients. Based in Sargodha, I hold an LLB degree and have been recognized with prestigious accolades, including the Punjab Bar Council Excellence Award and Sitara-i-Imtiaz. My practice, located on The Mall, is built on a foundation of integrity, professionalism, and a deep understanding of the law, ensuring that every client receives personalized and effective solutions tailored to their needs."
Zulekha Aliani,11899-5246647-9,+923052754510,OXH-97676-2016,Thatta,"House No. 875, Street No. 8, Sialkot, Punjab, 97518",9,"['Criminal Law' 'Consitituional & Writ Cases' 'Family & Minor Matters'
 'Tribunal Cases' 'Commercial & Banking']",Wapda Town,LLM,Law Firm,1,0,"['Women in Law Awards (Advocate of the Year)'
 'Sitara-i-Imtiaz (Star of Excellence)'
 'Senior Advocate Supreme Court (SASC) Title']","My name is Zulekha Aliani, and I am a seasoned legal professional with over 9 years of experience specializing in Criminal Law, Constitutional & Writ Cases, and Family Law. Holding an LLM degree and practicing from my office in Wapda Town, I have been recognized for my dedication and expertise, including being honored as Advocate of the Year at the Women in Law Awards. I am committed to providing trusted, client-focused legal solutions and am available for online consultations to ensure accessibility and convenience for all."
Kainat Rind,61712-6919690-4,+923035908278,NJJ-33044-2010,Hyderabad,"House No. 141, Street No. 19, Jacobabad, Sindh, 48310",11,['Tribunal Cases'],Wapda Town,LLM,Law Firm,0,1,['Nishan-e-Imtiaz (Order of Excellence)'],"As a dedicated legal professional with over 11 years of experience specializing in Tribunal Cases, I, Kainat Rind, am committed to providing expert legal guidance and representation to my clients. Holding an LLM degree and licensed under NJJ-33044-2010, I have built a strong reputation in Hyderabad, Sindh, for delivering effective solutions in complex legal matters. My practice, based in Wapda Town, is driven by a passion for justice and a proven track record of success, underscored by the prestigious Nishan-e-Imtiaz (Order of Excellence)."
Faizan Hamid,26565-4145259-6,+923029007064,BUA-2394-2010,Pasni,"House No. 550, Street No. 13, Shikarpur, Sindh, 59098",4,['Special Courts'],Garden Town,LLB,Law Firm,1,0,"['Nishan-e-Imtiaz (Order of Excellence)'
 'Legal 500 Ranking (Leading Individual)']","My name is Faizan Hamid, a licensed lawyer with 4 years of experience specializing in Special Courts matters. I hold an LLB degree and am based in Garden Town, Pasni, where I practice at a reputable law firm. Recognized with the prestigious Nishan-e-Imtiaz (Order of Excellence) for my legal contributions, I am committed to providing professional and reliable legal services to my clients."
